text,sentiment
kenal tak rugi kalau duduk malaysia tak kenal mereka ini lejen hanya yang kenal sahaja yang mengenali,negative
betul ke farah wen ni owner gg malaysia,negative
hahh tahu pun itu pun tak habis habis panggil malaysia malaydesh sedar diri loo merantau jangan jadi katak bawah tempurung,negative
cuba bayangkan malaysia guna concept kampung buat stadium bola,negative
antara akhbar malaysia je yg reti apa patut jadi berita utama teka yang mana berat,negative
rukun negara ke kesopanan dan kesusilaan,positive
khairul aming dulu grad mechanical engineer cgpa terus kerja petronas dia grad umur vanderbilt uni lepas spm terus degree program jpa ada agreement khas jimat setahun tak payah foundation persediaan,positive
job description converting pdf to word by typing,positive
malaysia pon ada ya view macam ni tak payah pergi japan hahahaha just sini cuaca panas ja la,negative
saya tengah risau ni sedaghe,negative
macam mana korang apply kerja company luar negara macam germany tapi based in malaysia,negative
hai semua nak minta pendapat la kenapa kita rakyat malaysia sara bulanan tak layak warga asing layak bantuan di malaysia khas utk warga asing ke apa just tanya ja mungkin cable warga asing kuat dkt lhdn kan,negative
beza keadaan tenda kiri jemaah negara jiran dgn kanan jemaah malaysia setelah keluar bergerak ke muzdalifah,negative
kalau kau kerja dengan international company lepas tu boss kau cakap macam ni dalam group chat apa perasaan kau,negative
member umur dah an tapi masih buat lawak level sekolah rendah is this funny to you nak normalize lawak camni ke,neutral
pelik betul aku drama kat malaysia ni x study dulu ke nak buat dialog ibarat satu perlis tu keje dgn dia melayu kalau buat drama tak nak kalah,negative
kesayangan malaysia dh one step closer sampai dah gaiss,negative
ramai yang tak tahu bangunan paling nipis di dunia terletak di temerloh,negative
aku pelik betul la dengan f n kilang kat area rumah aku je tapi kenikmatan ni kau bagi orang sabah sarawak je orang semenanjung tak layak rasa kenikmatan ni ke apa aku sampai terpaksa beli online kowt,negative
yeay terima kasih orang baik,positive
aku where u from sir cust malaysia aku ok collect semua ic then seorg shja yg beli tiket cust sory im not understand aku u malaysia kn cust blurr habiss muka sorry i cannot speak malay,negative
rasa nervous first day intern kat kerja swastq nii,negative
no kami taknak jadi cm singapore,negative
ape product buatan malaysia tpi ade high demand for international,positive
patutlah kat indonesia berebut orang nak jadi youtuber sebabnya income mereka dibayar dalam usd tengok ni income sebulan youtuber malaysia ini youtuber yg biasa bukannya yg ada followers berjuta dasyat yer,negative
macam biasa dear our hindu friend kalau you nampak pakai tudung joget depan batu caves dijamin konoha indonesia why because their itinerary in malaysia mesti visit batu caves i dont know why lah,neutral
kau jangan nak samakan india luar dengan india malaysian ya,negative
batik indonesia terpelihara dalam kerangka tradisi,positive
universiti swasta paling berkualiti di malaysia,positive
malaysia is the main character during this crisis because of bro,neutral
malaysia beberapa hari ini,negative
keluarga kundur bersatu saya akan agihkan sebagai sedekah supaya lebih ramai rakyat malaysia tahu betapa sedapnya air kundur,negative
sayang nak buang kotak kasut so kitorg beli kotak tape dekat airport so semua kasut kite sumbat je dalam box agak agak kami kena tax tak dengan kastam malaysia,negative
bot nelayan luar tidak memberi kerjasama kepada pasukan maritim malaysia,negative
he requested carlsberg,neutral
wahh lain macam bunga api macam mana diorang buat ni weyh,negative
aku sampai sekarang tertanya tanya budak nakal mna yang start prank sejadah berdiri ni kecoh malaysia sebab kes ni empunya badan tak nak mengaku lagi ke nak simpan rahsia sampai ke akhir hayat,positive
lari pada polis mujur hidup start motor kalu dok hidup boleh sakit la mung dik larian meter desup,negative
konon nak buat dalam flight otw balik malaysia bosan xtaw nak buat ape pnye psl ingatkan boleh berjaya memang ssh nak diam sekejap pn x boleh hahaha,negative
tak faham kenapa masyarakat kita mengharamkan forex sedangkan dari dulu sebelum kita ke luar negara kita akan guna forex kalau betul haram tutuplah semua money changer di malaysia ni sebab situlah tempat forex foreign exchange hakikatnya yang menjadi isu bukan forex tapi trading forex,negative
bila agaknya orang malaysia mahu berubah,neutral
malaysian to malaysian,neutral
rupanya konoha gelakkan orang malaysia panggil aeroplane tu kapal terbang diorang cakap gimana kapal bisa terbang diorang anggap sebutan malaysia kelakar diorang je elok sebut pesawat,negative
siapa artis malaysia paling sombong yang korang pernah jumpa i start ifa raziah,positive
puak israhell ni nk masuk malaysia dgn guna passport kedua senangnya,negative
kenapa kelab malam boleh jadi nama trec tun razak education centre hina betul nama tokoh agung malaysia kena slap jadi nama kelab malam also what are they teaching about tunjuk langit,neutral
jujur tanya ni pada orang sabah dan sarawak ni khususnya bumiputera teruk sangat ker malaya pada sabah dan sarawak ni yer sampi nak putuskan hubungan ni klu ikutkan perlis tu negeri termiskin lagi tapi diorg tak pernah lagi dengar cakap nak keluar dari malaysia nak balik ke siam tu yang jadi batu api tu patut korang waspada,negative
gimana caranya pindah ke malay please lah dah muak sekali di indo,negative
korang nampak kan kenapa last sumud flotila tu diorang bawa artis dan influencer sebab bila artis dan influencer yang kena maka akan bergemalah satu malaysia sekarang ni kapal dah intercept pun orang buat tak kisah pasal sumud,negative
aku pernah ditegur oleh driver grab masa nak ke soekarnohatta international airport,negative
betul ke ramai dah berpindah ke sini sekarang,neutral
manisnya malaysia jumaat lepas aku ternampak ni jalan ni menghala ke masjid seorang lelaki india bawa motor hantar lelaki melayu ke masjid nak solat jumaat,negative
some says invading privacy hello since when malaysia accepting lgbt respect this country this is malaysia we hve rules our main religion is islam tak kisah lah kau dari mana immoral activities mmg la kene tngkap nak buat sila get out from malaysia use ur brain bfre u talk,negative
to all non muslims in malaysia please stop talking without knowing the facts listen properly,negative
malaysia ni makin lama makin ke belakang kenapa eh,negative
bapa suspek buat report polis kononnya nak jaga keselamatan anak,negative
btul tu respect jaga seni malaysia kita ada identiti dan muzik kita sendiri aku nak tanya ni suka matcha atau suka kopi,positive
sekali kena ulti senyap terus member hahaha ni mesti jenis tengok content yang suka gelakkan perkataan dalam bahasa melayu malaysia padahal kita tak sebut pun macam mana yang digembar gembur kan dalam video diorang tu,negative
i m from malaysia yes we only have this chair this chair is plastic i love my hawra n rakyat,positive
semiskin miskin malaysia kami x makan mi letak ais cetakk,negative
dulu zaman belajar saya ada classmate student degree dari indonesia dia ckp pemerhatian dia sekaya orang malaysia tak boleh lawan kaya orang indonesia namun semiskin orang malaysia tak lawan miskin orang indonesia sampai sekarang saya ingat kata tu jadi bersyukurlah kita,negative
malaysia menghantar tiga ekor gajah ke jepun sebagai usaha memantapkan program konservasi dan pembiakan proses ini termasuk persiapan rapi dan pemantauan supaya gajah dapat menyesuaikan diri dengan baik,positive
kalau malaysia lockdown lagi apa escape plan korang,negative
netflix malaysia hantu indo polis tamil corrupt cerita buangan pawagam,negative
tak kuat baca komen hahahaah,negative
kiri di malaysia kanan di philippines,negative
jap nak tanya geng,neutral
betullah tu tak suka tak payah pergi kan tiong oleh sebab itu selepas ini kami rakyat malaysia beragama islam nak buat sambutan maulidur rasul di bukit bintang selama hari malam jemputan seluruh dunia bagi meraikan hari kebesaran nabi muhammad saw nanti kalau tak suka jangan pergi ya tiong,negative
seorang ibu marah anaknya membuli anak autisme kita perlukan ibu begini yang tak bekap anaknya bila melakukan kesalahan,negative
dengar cerita sampai sekarang tak tahu mana monyet tu pergi,neutral
aku perasankan dekat luar negara tak kisah la dekat fon ipad takpun pc mesti diorang pakai bahasa ibunda diorang tapi kat malaysia kenapa kena pakai english ek kenapa tak pakai bm korang malu ke,negative
nak tanya knp kat malaysia jdi bahan lawak kalau pakai topi mcm ni pdahal comel je,negative
he claimed he acted out of concern for womens safety,negative
dah menyorok belakang pun still boleh detect eh camera tu,neutral
aku tau malaysia ni main character dlm dunia tapi aku tak boleh buktikan,negative
if you think rm is enough to live comfortably in malaysia youre either still living with your parents or completely out of touch with reality,neutral
sekarang ramai konoha masuk malaysia jadi operator kilang okaylah kan nak cari rezeki tapi satu nak pesan dek biar muka hodoh jangan adab ikut hodoh sekali ada satu minah konoha ni dia nak buat megi cup tu padahal kat kantin bawah tu ada je tempat amek air panas yg disedia kan tetap dia nak naik amik kat coway staff punya kat tingkat atas,negative
yes lingling show them our powerful malaysia passport,positive
satu satunya family mart di malaysia yang warna signboard dia hitam putih,positive
malaysia ni ramai lagi hok dok leh subsidi natang,negative
guys i wonder tersangat wonder,positive
mungkin malaysia memang main character dalam dunia ni,neutral
bye bye malaysia,positive
myvi biru tidur dalam kelas ke,positive
pempengaruh zhiddin aziz berkongsi satu video seorang pendatang asing didakwa meminta sehingga rm untuk menjaga tempat parkir di bukit bintang,negative
dma islam budak teater,positive
kalau boleh delete satu makanan dekat malaysia ni aku akan delete ayam gepuk,negative
kalau malaysia ada spm indonesia ada exam apa erk bertanya dalam nada ingin tahu,negative
me in london speaking malay on the phone my friends face looks confused was that japanese no malay youre from where malaysia guess what happen next,negative
im in malaysia we saw the video it was murder,negative
i always assumed that bapa malaysia was tunku abdul rahman never knew it was ramasamy,negative
saja datang nak tengok suasana yang aku nampak pendatang asing pelancong asing warga malaysia terbaik kementerian pelancongan seni dan budaya meriah tahun depan kalau nak buat lagi mungkin boleh collab dengan jabatan imigresen comfirm makin ramai support,negative
rakyat malaysia ada juta duit zakat seleweng rm juta,negative
they calling us overdressed how about y all dressed up like this balik haji macam dress up fashion show gak kalau cantik ok la ini,negative
sedih tengok dak dia nk rumput hijau weii bukan rumput kering,negative
one last chance,negative
tertengok one sharing from indonesian yg stay kat malaysia kenapa org malaysia ni sedikit cerdik dari depa,negative
tak tahu langsung uci world cup buat kat malaysia apa menteri belia sukan buat ini tak ada marketing apa ke,negative
e mas ni buatan indonesia sebab kalau buatan malaysia nama dia e bang,negative
kerja apa kt malaysia ni dia punye gaji rmribu sebulan,negative
jika ww berlaku negara manakah kebarangkali yang akan serang malaysia dan kenapa nak serang malaysia,negative
lelaki tak bercerita tau menung dalam kereta,negative
tahniah malaysia dah ada shopping mall paling racist,negative
i pernah tanya one of tan sri dekat malaysia sebenarnya kerja mana lagi bagus mnc corporate ke sme,negative
me bukak sampul raya anak also me otak dia bagi rm in this economy how,positive
tahu tak kenapa korean kalah cyberbully ngn orang malaysia sbb kita ade ade cyberjaya,negative
guyss i just found out that internship in china paid intern rmb rm while in malaysia only around rm in big multinationals cooperation,negative
duduk sebelah orang indonesia kat masjid di jepun,negative
bila tengok balik opening sea games kat malaysia ni gempak juga sebenarnya pernah tengok laut dalam stadium,negative
bukan kat luar negara tapi kat malaysia dia dah bawa dah perangai dia datang malaysia,negative
dua business ni pernah mencetus fenomena dalam malaysia lalu tetiba hilang dan banyak tutup apa rasanya punca utama,negative
fuhh lepas tgk video ni terus rasa bersyukur jadi rakyat malaysia teruk betul yer kehidupan kat philipine kerajaan spain takde bantu ke sikit,negative
mean while in malaysia may god protect us all,neutral
aku cadangkan kerja kerja di malaysia dibayar mengikut skills contoh,positive
momen indah apabila zulfaqar aslam diraikan selepas kejayaannya lebih menyentuh hati bila terdengar suara ibunya dengan bangga menyebut anak saya tu tahniah zulfaqar semoga terus berjaya di dunia dan akhirat,positive
bila captain cakap untuk warganegara malaysia selamat pulang ke tanahair auto sebak,negative
bangga betul ek muka kau bang,negative
tempat ikon negara jadi mcm nimemalukan,positive
ngobrol sama temen malaysia,negative
i went to the dentist because my toothache was unbearable since yesterday but why is the bill so expensive,negative
brader ni mesti penat kan sampai tertidur,negative
mengapa orang melayu di malaysia memaksa orang cina dan india berbahasa melayu,negative
indonesians yg ada kat malaysia ni xpayah la dok jual nasi lemak pagi tak sedap,negative
biar la indonesia buat tol kat selat melaka belah mereka,negative
satu malaysia tengok abang,negative
thanks to abang yang reply comment dekat siapa i dont remember that said orang malaysia susah saving padahal rm sehari setahun dah seribu i made up my mind to never touch duit ni so here i am now,negative
cuba teka kt mana bukan bali tapi malaysia je,negative
saya tahu ada org malaysia cina yg takleh berbahasa malaysia,negative
malaysia perlukan ni sekarang,negative
lagi dipanggil malaydesh malingsia lagi naik nilai mata wang kita teruskan indonesia terima kasih atas usaha kalian membawa nama malaysia ke serata buana,negative
kenapa aku rasa macam kerajaan malaysia semakin tenat ke aku sorang aje yang perasan,positive
this is how we malaysians lived currently still far from development,positive
you know what this means,positive
nampak komen konoha tulis ternyata brunei pake bahasa indonesia,negative
kenapa ek kalau artis indonesia datang malaysia host malaysia akan cakap bahasa indonesian but bila artist malaysia pergi indonesia tak ada pulak host dia nak cakap bahasa malaysia,negative
orang malaysia dengan orang indonesian makan satay,neutral
masa berlalu sangat pantas detik kenangan apabila perdana menteri malaysia datuk seri najib razak ketika itu dapat tahu berita pemergian al marhum tuan guru hj nik abdul aziz bin nik mat,negative
ketum is classified as a class a controlled drug in singapore,neutral
kenapa hutan amazon sering dianggap tertua sedangkan hutan dinosaur sebenarnya ada di malaysia,neutral
rakyat malaysia punya knowledge tentang dunia ni agak menyedihkan semua benda konflik dunia nak tengok dari kaca mata agama instead of politics,negative
this is how my son gonna introduce himself in the future because he is a mix of sabahan and sarawakian i hope gen alpha and beta is not as ignorant as this current generation,positive
inilah ayah mekyun brigedier jeneral dato wee han siew mantan panglima briged artileri roket malaysia seorang ayah pemimpin wira,positive
pergi bazaar jangan bawak stroller boleh tak dah la sesak pastu bila orang terlanggar buat muka palat,negative
orang malaysia ni patut pi belajar apa orang vietnam buat sampai jadi top kes diabetes paling rendah di dunia,negative
comel isteri abg hari ini jam selepas tu suaminya meninggal untung akak ni sempat peluk dan bermesra kali terakhir semoga roh arwah ditempatkan dikalangan orang yang beriman aminn,negative
tekejut tengok vid tiktok,negative
pagi ni dapat berita ada orang malaysia meninggal dunia di kunming yunnan orang malaysia yang nak pergi sana tolong avoid route dari kunming terus ke lijiang shangri la why,negative
hello tourism malaysia team u memang tak buat kerja ke sampai bila nak kena betulkan if dari tourism sendiri yang lalok burung toucan bukan burung enggang spesis amazon tak ada di malaysia paham,negative
semua bini bini semalaysia macam ni ke,positive
can we normalise mempopularkan golongan researcher dekat malaysia ni,negative
bersyukur yes first lahir as islam second lahir kat malaysia,negative
kenapa jarang nampak orang india dan cina dalam thread ya mereka lebih aktif guna aplikasi sosial apa sebenarnya atau memang mereka ada je dalam thread cuma saya yang tak perasan,negative
punyalah beradab orang malaysia ni bagi barang tangan kiri pun mintak maap,negative
singapore is singapore laa this is malaysia the azan is part of our culture here if that bothers you then this may not be the right place for you,negative
tadi ada perasan satu post orang indo rasa hairan kenapa restoran uncle roger tutup siap perli kita ni tak mampu beli nasi goreng tu,negative
syarikat glc popular pilihan fresh graduate,positive
warga malaysia tolong jp ni nom plate malaysia ke sebab baru tengok bahahah,negative
lokasi rotiboy pasar seni,positive
kepada hijab terbuka bukan free hair yang suka travel oversea apa rupa hantu hantu luar malaysia ek nak tahu ada jugak ka geng gula gula cik lang cik pon semua tu,negative
guys actually bahasa malaysia kadang efisien jugak ye,neutral
prasarana malaysia berhad smart selangor mpaj rapid higer klqg,positive
nikmat terbesar dalam hidup aku lahir islam lahir dkt malaysia,positive
apa yang bumi malaysia perlukan saat ini,positive
just saw a thread that said najib dulu lagi sweet gadaikan malaysia utk kak mah i kenot with threads people hahahahaha,negative
korang yang genz lepas graduate teringin nak kerja under company mana jika ada tawaran,negative
so far elaun internship paling masyuk kt malaysia ni is bnm kot ke ada lagi eh kot korang boleh share,positive
wahai staf watson seluruh malaysia boleh tak kalau tak menekan suruh amik beg hitam lembik ni atleast ade barang dalam tangan barula boleh bg beg ni ini belum tentu nak beli brg klu tgn masih kosong bila dah bg xpasal pulak nk kena gi cari tempat letak beg ni pulak bila xde brg yg dicari bila tak nak beg ni buat muka pulak tu rase cam semak pulak tgn kosong tibe kena jinjing beg ni huh,negative
malaysian armed forces canine snuggles its handler during the national day parade in putrajaya malaysia,negative
internally all muslim in malaysia,negative
ehh sumpahhlaa bts cancel datang malaysia aku baru keluar dari gua ke apaa nii lol,negative
born grow up in sabah and here i am now in malaysia enjoying,positive
nak beza cina malaysia dengan cina mainland senang jer tengok time dia marah kalau dia mencarut bahasa meaning dia cina kita kalau dia sekadar cingcong cingcong xexe meaning cina sana,negative
habislah satu dunia global dah discover malaysia nanti confirm tourism sector and f b business meletus,positive
went to jeju island once there was one uncle shouting cheerfully at me woi malaysia kau melayu mana aku cina cheras,negative
aku kena jujur dengan kau malam ni,positive
tahukah anda masa di semenanjung malaysia adalah salah,neutral
kepada shopping mall yang toiletnya takde bidet,negative
kiri bulan lalu kanan hari ini,negative
tadi ternampak aiman hakim reza ngan wife dia zahirah n anak dorg makan kat citta mall aku terjeling si aiman sbb dia pandang aku randomly aku jeling sbb rasa cm kenal tpi tknk nmpak obvious tpi terjeling bitchyly,negative
dalam semua tagline ni aku suka tagline malaysia despite najib being najib himself aku takleh tipu diri aku dari mengatakan its a catchy phrase untuk satukan rakyat malaysia,negative
my only flex as a foreigner in malaysia i know negaraku inside out it was engraved into me during morning assembly,positive
meme malaysia always keep my stress disappear everytime i ll have bad day,positive
tak sangka jadi jugak kat malaysia,negative
guys cina singapore memang pandang rendah dekat orang melayu malaysia and melayu singapore ke,negative
malaysia punya passport punya lah kuat while aku nak lalu bulgaria kene tahan kt border dia ckp tak pernah nampak passport mcm ni masuk bulgaria acik dia,negative
kecoh pukul pagi tapi rakyat malaysia tetap tenang handle situasi,neutral
thank you pmx kerana telah menggunakan platform ic untuk pemberian subsidi petrol diesel ia bukan sahaja dapat menurunkan kos subsidi tapi menyedarkan diri manusia yang ic merah serta golongan yang tinggal di sempadan sg thailand,positive
kenapa ada segelintir orang cina dan india tak mau berbahasa malaysia di malaysia apa sebab curious je,negative
isu yang membuatkan malaysia berbalah apa pendapat kalian,negative
boring betul gaduh dgn south korea nie malaysia indonesia gaduh pun tak seboring nie,negative
pernah tak korang tengah lepak mamak tiba tiba member sebelah petik isu ni weyh malaysia ni kan negara pengeluar minyak bersepah pelantar minyak kat terengganu sarawak tu tapi kenapa kita still kena import minyak luar kenapa harga minyak kita naik juga ikut harga dunia pakai jelah minyak sendiri settle,negative
apa benda negara jiran kita ni,negative
bersepah ya muka deni dalam drama d malaysia,positive
bila baca posting tya menantu tok ti tanye kenapa live dia sendu sales pun drop,negative
for chinese in malaysia how do you view your future in malaysia in term of politic and economy not racial state the industry you are working in and your observation,positive
kenapa korean punya roast dekat malaysia macam boring gila ke sebab diorang tak cukup experience jadi cyberbully haha,negative
menteri yang dulu bawak masuk rohingya kat malaysia ni memang sial sebab apa,negative
lunch at parlimen malaysia guess the price of my lunch,neutral
hentikan pembiakan warga konoha di malaysia,positive
nasihat saya kepada adik di luar sana kalau boleh jgn ambik sektor teknikal di malaysia sangat sangat under appreciated,neutral
if ww happens malaysia lah yang akan paling terjejas because men here also need their princess treatment and perlukan provider nyah,negative
malam tadi saya telah diugut seorang anggota polis bernama wan syah untuk menumbuk muka saya hanya kerana saya menjalankan tugas sebagai peguam kepada perhimpunan aman gerakan anti rumah anutan haram saya masih tidak faham kenapa perlunya ada intimidasi berbentuk ugutan sebegitu dalam era kerajaan malaysia madani laporan polis dah dibuat terhadap wan syah dan kita tunggu apa tindakan susulannya,negative
malaysia trully asia nanti diganyang meronta playing victim,negative
brand rempit malaysia svg oakley stoned co hype high cultured drum new era,positive
i just nak tanya kaum india especially yang bijak pandai dan kaya,neutral
dlm toilet mrt mrt pasar seni hellnahh,positive
to pizza hut kepala batas penang saya tak pasti ni arahan dari manager pizza hut or staff tu yang rela sendiri bila di tanya dgn staff tu why jual pizza tepi jalan x ada payung panas terik dia senyum je diam je merah padam muka adik tu,negative
siap kata demi allah siap perang dgn malaysia tu,negative
para artist malaysia sekalian drop ur art here jom,negative
indian malaysia ni,negative
kau ambil degree sebab orang cakap ada demand,neutral
inilah malaysia madani,positive
orang malaysia memang jenis susah nak percaya orang aku perati je,neutral
why does the salary in malaysia are damn low,negative
kenapa org malaysia majority tak suka sultan johor aku rasa kecewa skit sbb tu je la sultan negeri aku daulat tuanku,negative
let me give you the world s largest flower malaysia cameron highlands,positive
platform cari kerja paling popular di malaysia,positive
wahai stesen radio malaysia boleh tak kalian hentikan main lagu kami para pendengar sangat kecewa sebab kami sebenarnya tak menanti lagu lagu yang kalian putar kami hanya mahu dengar celoteh penyampai gelak tawa yang tak berakar umbi dan bual bual kosong yang entah dari mana datangnya,negative
malaysian hospitality ialah cara kita membuat orang rasa diterima,positive
malaysia bila ada kes be like,neutral
congratulations to the minister of tourism malaysia and mb sanusi for the huge crowd we must unite to attract more tourists to our country malaysia is heading towards greater success,positive
rain rave bukit bintang bukan budaya malaysia saya gunakan platform yang saya ada untuk menempelak tourism malaysia atas penganjuran event ini,negative
malam ni pesta air katanya bertujuan merangsang ekonomi bandar dan menyokong peniaga kecil sempena tahun melawat malaysia,positive
malaysian girlies leave your best financial advice to girls women in malaysia so that we can all learn something together ill go first,negative
nampak lah abang terlalu happy ye,neutral
ramai rakyat malaysia terutamanya orang muda berminat nak kerja freelance,positive
sepatah dua kata untuk event rain rave festival dekat malaysia,negative
malaysia copied a model that doesnt even work in its own country,negative
tahu kenapa ramai warga us sibuk datang malaysia buat review makanan dan cari support dari orang malaysia,negative
sy buat service untuk hantar org balik kg beraya,negative
jangan tersilap lagi pru nanti nak sokong yang mana,neutral
malaysia to malaysia kini di tangga ke dunia,positive
what a beautiful day in kuala lumpur i am so thankful that i found this city and it has become my home,positive
stop normalize kan lgbtq di malaysia,negative
kami berdua seringkali digandingkan dalam mana drama telefilem suatu masa dulu beliau antara salah seorang rakan seni kak ros yang paling senang nak bekerjasama dalam menjayakan sesuatu naskhah salam takziah kak ros ucapkan buat seluruh ahli keluarga allahyarham abdul jalil bin abdul hamid,positive
malaysia bila nak ada gojek cheaper and faster alternative compare to car,neutral
sosial tiba tiba nama umie aida kena petik,positive
this is where we make marine biologists in malaysia,positive
sudah tiba masanya dap ini diharamkan di malaysia kuang ajar dan berani nak langgar titah sultan selangor,negative
mandarin is not an international language aku kerja dekat johor bahru malaysia tapi rasa macam kerja dekat china diaorang ni jenis taknak keluar phone guna google translate bila kita minta cakap english dia cakap no no english sambil marah marah kita pulak nak kena belajar bahasa diaorang,negative
first time traveling abroad alone different country different feelings same dream thank you malaysia for being my first and such a great country,positive
negeri introvert kat malaysia ni ada dua je perlis dan perak hahahaha,negative
malaysias had quite an eventful month malaysian ringgit strengthens being gay is caused by work stress spiderman injures himself after falling off bukit dinding,negative
ada sape nak tahu takk the dark side of a famous clothing brand in malaysia,positive
kau nak tengok indonesia punya perangai keji kau tengok dekat tiktok punya la gampang eh diorang ini masuk malaysia menipu imigresen kata pergi bercuti rupanya kerja dekat sini tahun kadang lebih tahun duduk sini malaysia ini pulak bila musim pemutihan suruh diorang bayar denda je itu pun berapa sen je la itu belum dia cerita kami orang indonesia rapat dengan pegawai bayar seratus je mesti lepas punya betul diorang pandang hina je la malaysia ini ini nanti adalah konoha bodoh kata rasis,negative
allahumma inni asaluka kerajaan malaysia perketatkan syarat jadi warganegara malaysia pr malaysia amin amin mana mana yang merentan tu gi jauh cari negara lain,negative
baru faham kenapa orang malaysia ni ramai jadi kpopers berbanding minat artis local,negative
hello aku india india malaysia lah bukan india dari india tanya lah question apa ii berkaitan indian malaysian aku jawab asalkan jgn type dlm bahasa tamil aku mmg x tau sbb aku sk sekolah kebangsaan,negative
warga asing nie sebenarnya banyak telan hak warga negara malaysia,negative
privilege level in malaysia,positive
ohh rupanya alumni finalist miss world malaysia macam mna dia confident join eh dahlah bf dia pijak al quran keji nya perbuatan pasangan ni we not claim u as sarawakian even u from sarawak,negative
ishowspeed coming to malaysia dia sendiri cakap dalam stream,negative
if malaysia gets attacked which state would be first,negative
pendedahan file epstein tu tak mengejutkan kerana ada banyak kegiatan serupa itu yg berlaku di seluruh dunia terutama dalam lodge satanic saya tertanya juga apa aktiviti yg berlaku dalam lodge freemason di malaysia macam yg kat bukit jalil ni takkan meeting makan bihun je kot,negative
guys i will try my luck today for the concert ticket i just need ticket,neutral
hailey bieber is every girls ultimate girl crush love how secure she is,positive
happynya baca indo taknak datang malaysia that what we want we sick having so much indonesian in malaysia already,positive
info rasmi sncc seramai rakyat malaysia yg telah diculik oleh iof lokasi mereka sehingga sekarang masih belum diketahui kita doakan sama sama utk keselamatan mereka,negative
malaysia nampak biasa tapi sebenarnya negara ni rare gila,negative
kepada kerajaan malaysia,positive
itulah bila ydpa suruh kuasai bahasa malaysia korang jugak sinis anti dan perli,negative
went to your solaris branch your employee asked for my personal number i was asked where do i live he wanted to meet me outside,negative
semakin menggila rakyat malaysia kasihan mangsa mangsa yg terlibat,negative
semua benda nak mandarin speaker aku duduk malaysia ke duduk china sekarang ni,negative
nampak macam ramai drs from oversea returning to malaysia especially those from uk ireland is there a reason behind this,negative
halu pulis ini olang banyak lansi polis diraja malaysia royal malaysia police,negative
korang nak tak aku spill the tea artis mana awas yer artis malaysia you are nothing compare to taytay,negative
korang tau tak korang boleh dapat certificate free disponsor oleh kerajaan malaysia,negative
patutnya hijabis kat malaysia kena buh nama tutorial tudung letak nama malaysian style biar tak kena claim dengan konoha sibuk je pakai tudung style malaysian,negative
guys boleh recommend tak courses yang high demand kat malaysia sebab ragu ii lagi nak isi upu nii,neutral
beli kebab dekat kepulauan riau kepri walaupun di indonesia tapi dekat daerah tanjung pinang ni loghat diorang sama macam kita di malaysia,neutral
kenapa petugas pembersihan masjidl haram ni macam baik dengan orang malaysia,negative
korang issue gajah kita di bawa ke jepun bukan main tau tennoji zoo sangat terkenal dengan pengabaian haiwan di zoo mereka aku pelik kerajaan kita agree untuk hantar,negative
kawan i ada cakap orang korea ni racist bila dia jumpa orang tak cantik kulit gelap sebelum i pergi korea haritu dia remind i cakap kat sana nnti mmg akan jumpa yg racist tp i rasa you kulit putih mesti nnti kat imi lepas je,negative
news update nres beri kebenaran bawak dak balik malaysia skg terpulang pada zoo taiping night safari utk bg kerjasama,negative
negeri apa di malaysia yang paling kelakar,positive
aku dpt kerja under mystep dkt jabatan ukur dan pemetaan malaysia dgn gaji rm boleh hidup ke aku yg dah beristeri dgn gaji itu patut terima atau tak,negative
gaduh malaysia indonesia ni macam gaduh adik beradik je,negative
where are you from malaysia ohh so you speak malay yea then why you speaking english so well hmm because i learn that too so you speak malay and english no mandarin and cantonese too excuse me how because i am chinese you are chinese oh wellguess what happen next,negative
adik adik yang baru nak kerja or masuk kerja meh abang ridz nak share sikit please accept the offer whatever sector lah as per below,neutral
nampak set crew malaysia airlines jalan nak lalu immigration aku pun senyum la nak bagi salam belum sempat nak buka mulut kapten dia cakap kat cabin crew sambil tunjuk kat aku happy semacam mamat pinoi ni nak pergi kerja,negative
sebenarnya nak start active balik in bidang lakonan and also tak ada manager for acting industry contact pun banyak hilang so i just want to try my luck by post it here harap dipermudahkan,negative
im just curious those yang attended international or private school in malaysia where do they usually ended up eh,neutral
malaysia kekal berprinsip,positive
menggunakan visa spouse tu kawen lelaki bujang ke duda aku harap bukan suami orglah aku sensitif sungguh bab ppuan foreigner kawen suami org malaysia ni,negative
sebab ramai tnya nama mnc kat malaysia meh aku share a few yang aku tau and some of the benefits start dengan huruf a,neutral
tempat kat malaysia ni offer benda percuma tapi ramai tak tahu perpustakaan negara kl ada bilik tidur netflix lounge tempat kerja belajar wifi laju semua percuma klinik kesihatan kkm ujian darah kolesterol tekanan darah kaunseling kesihatan under rm atau percuma ktm komuter student pass bawah tahun boleh mohon student rail pass potongan hingga,neutral
hope one day sgd myr,positive
padu laa sapa yang buat apps ni,negative
kalau ni ade kat malaysia memang musibat tanah sape yg amalkn umur dah mengandung pale bana diaa,negative
kepada orang kaya malaysia anda pernah didatangi geng ni tak maybe dgn alasan utk capai sesuatu nak tau gak,negative
korang kalau kecam aku bukan main kan celaka no aku nak korang kecam zoo jepun ni depaa seksa gajah kitaa,negative
we couldnt find a place to stay for a night in terengganu because most of the hotels were fully booked and homestay owners preferred muslims however this homestay owner accepted us for a night umi and her husband even invited us over for breakfast before we head back home it was a simple gesture but it meant so much,positive
dear malaysian women does anyone want a lavender marriage with me you can keep the tax breaks as i m unemployed on a study break for ten years hit me up for shizzle i m financially independent an expert housekeeper and handy with tools,positive
korang tahu tak negara maju banyak yang dah tolak data centre baru dekat negara diorang itulah fungsi negara ketiga macam malaysia ni,negative
we dont want murderer in malaysia free palestine,negative
it finally rained,negative
this is the story of jobtepi malaysians that started jobtepi platform freelance malaysia yang sedang grow dengan super fast kita sekarang berada di chart no in app store in less than a month beating sharks like meta ads fiverr and more,negative
hahhaha why is it so expensive do we get to perform together with sos what is ticket fee and what is service fee i remember i don t pay this much for daniel caesar though,negative
admin zoo negara dah sahkan,negative
kuala lumpur whats going on the emo trinity,positive
muslim business owners dekat malaysia lets connect,positive
macam mana korang dapat kerja under negara lain tapi still duduk dalam malaysia everything discuss online usually kerja bidang apa or company mana mnc ke yang buat macam ni i teringin tapi penat dah apply tak ada yang sangkut,neutral
weh kau tahu tak malaysia baru buat benda yang satu asean pun terkejut,negative
ramai cakap kenapa nak panic malaysia bukan kena bom pun guys can you think outside the box its not just about war global crisis affects economy food supply oil prices everything not to scare you but awareness and preparation matter,negative
did u guys know yang batch ni sebenarnya batch paling special dalam sejarah malaysia sebab diorang je satu satunya batch tak pernah hadap exam besar as upsr pt pmr,positive
ape sial sangat eh semua petugas kt klia ngn airasia sampai mak aku nangis call aku sebab kena maki hamun dengan petugas kt sana sebelum naik flight dorng cakap bodoh anjing miskin kau ni rohingya en asal kau dtg malaysia ape salah mak aku sebab dia pakai passport bangla je layak ke kena hina eh kitorng pakai passport bangla pun visa kitorng mmh salah satu income negara malaysia ni dari duit visa kitorng nasib baik la mak aku lupa videokan muka korng kalau tak mmg aku cari semua,negative
bagus abang ni vo terasa seperti bercakap dengan kita suara dia pun sedap didengar pulak tu,neutral
yesterday i posted a thread about south east asian countries and apparently lots of people dislike malaysia,negative
maafkan saya malaysia saya seorang rakyat amerika yang bodoh dari taiwan saya tidak tahu bagaimana untuk menyebut bahasa awak yang indah itu,negative
tukang sebar fake news isu kononnya malaysia jual diesel ke filipina dah kena kutip oleh mcmc,negative
meh la share bisnes korang kita support each other,neutral
kesalahan grammar rakyat malaysia online bukan bitter saja suka suki tau kitonyo teacher,negative
sos everyone s a star artist presale was not for the weak the chaos just to buy the ticket thank you,negative
eventhough i am chinese but to be honest i really kecewa dengan bangsa cina yang can t speak malay lepas tu nak bagi alasan it s okay i can speak english or mandarin that s enough jangan cari alasan lah you are living in malaysia maybe you should relearn malay language in primary school,neutral
malaysia witnessed its political tsunami in now tamil nadu is experiencing its own wave of change grateful to see that in both moments my favourite party is on the winning side,positive
alhamdulillah im back in malaysia,negative
most toxic workplaces in malaysia perceived medical healthcare public sector corporate banking finance big corporate glcs smes family run companies sales based companies,negative
too stunned to speak tapi redhaa,negative
hi guys harini nak share sambungan list of mnc dekat malaysia aku malas ikut urutan so below are company yang aku tau and some of their benefits,negative
penat tengok bella astillah nyanyi,positive
gay lgbt tiada tempat di malaysia eh silap di dunia,negative
looking for freelance writers,positive
maju betol malaysia skrg boleh kalahkan thailand,negative
hasil main mega selama bulan saving duit lain kat bank lain,negative
i dont know but seems nara peoples quite right coz i know anna san content creator base at malaysia she quite calm,neutral
morning yeahh sy dah register hm malaysia marathon,positive
usop wilcha pernah berkata itulah pentingnya english education,positive
lebih tahun tun m bina malaysia mai dia tak sampai tahun punah ranah jadinya,negative
lantak korang la nak gaduh malaysia dengan korea aku mala nak masuk campur,negative
hi sos fam battling for general sale today but i still have x standing tickets to let go letting go at original price ts fee dm,neutral
ranking international iq test,positive
aku nak tanya ni memang ada ke manusia di malaysia ni yang pernah dapat beli handphone rm dekat temu tu,negative
looking for extra verknipt ga tickets please hmu i need a few,neutral
thank you yasmin for your order,positive
honestly sephora malaysia really needs to step up when it comes to hiring sas makeup is such a passion driven industry customers masuk kedai feeling excited curious and ada yang baru nak kenal make up the least you can do is match that energy with good vibes and basic social skills why is it that every time i walk in i yang end up chasing the staff instead my experience at ioi city mall today was justoff,negative
if i get two tickets tomorrow for sos kan ada tak nak beli my ticket that i bought today i have one ticket janji jual original price,neutral
kalau victim tu perempuan mulalah semua orang nak victim blaming dari dulu sampai sekarang instead of questioning the victims clothes keberadaan etc question lah si penjenayah tu,negative
hi i am currently seeking an internship placement,neutral
what sucks as a sarawakian who loves attending concerts is that we dont just think about concert tix price we gotta think about flights and hotels and other expenses too,negative
grand opening for new store adidas original,positive
since i secured my tickets im planning to do freebies hehe if theres anyone doing freebies too maybe we can exchange,negative
sedihnya tak dapat vip ticket today and todays my birthday im cryinggf i wanna see luke ash cal mikeyy depan depan ahmagad ada hope lagi ke esok,negative
langkawi malaysia lets the coast do all the talking for you,positive
sos malaysia fans dont u think we need to report for the extra booking fee its ridiculous and scammers,negative
malaisie tu malaysia lah benak buat malu negara je,negative
after seeing how tourists act during songkran in thailand id rather malaysia stay unpopular underrated and boring,negative
for recruiters in malaysia if youre not planning to hire someone kindly reject them tak kisahlah kau reject through email ke whatsapp or even job apps just reject them if theyre not selected,negative
check out this old terrace house transformation in kuala lumpur malaysiathe industrial interior design mixed with natural elements brings a fresh calming atmosphere,positive
nampaknya malaysian suka cerita malaysia,positive
malaysia ni takde lah perfect tapi everytime aku travel negara sebelah malas nak sebut negara apa aku rasa malaysia ni quite systematic teratur and tahap kebersihan tu okay,neutral
to some of those yg dapat tickets i hope you know more than slsp amnesia and youngblood like yeah we get it theyre not underground and they are famous widely because of these songs but if you ask these same ppl about everyones a star sos or calm or even their solo stuffs complete silence its just unfair how the real sosfam did not get any tickets because of these people and those scalpers obviously,negative
haritu aku ada ternampak ni ada sesapa tahu ke apa masalah kaki kita jadi mcmni,negative
rohingya membawa kawan mat salleh hadir jemputan perkahwinan arakan rohingya dengan memakai pakaian tradisional melayu di malaysia,positive
do you think this should be tolerated,negative
threadians can you connect me with videographers who can do min reels based in kl malaysia,positive
normalise this before travelling overseas,neutral
one of the reason we need the strokes in malaysia absolute ball of steel educating us people in the us soil,positive
dara amoi kelat,neutral
guyss boleh spill dak medical device company consultant kt malaysia yg ada good benefitss package tk kisah laa mnc or local,neutral
orang yang pernah or date japanese why do they reply lambat ek talking stage haritu replies really late padahal dia yang buat planning and my friend replies hours late to dia punya talking stage and the guy also replies hours late kita ni tak nak tekan tekan orang,negative
in need of ticketing service for sos general sale tomorrow penat la nak battle to secure tix,negative
malaysia army when bts come to malaysia please i mean please please behave and jangan buat apa yg crossing line it has been year since they last come back we have to behave and be respectful and mature so they would still plan to come back again the next world tour therefore there will be no excuses for the politics to talk about banning concert or even talk shit about the boys so please behave ya,positive
a new chapter begins singapore malaysia jb cross border grabcab,positive
hii siapa need help for ticketing todayy,neutral
dear algorithm please show me more of women in malaysia especially in selangor people who like hobby classes travelling sports culture arts levelling up in their careers public speaking gallery and cafe hopping and building businesses,positive
sijil profesional antarabangsa paling laku di malaysia,positive
charging rm for service fee is crazy this is the most absurd concert service fee ive ever seen almost feel like being scammed,negative
siapa setuju kita bina malaysia baharu tanpa dap,negative
malaysia marathon public registration open at am lihm open at am which one are you joining malaysia marathon had rmk cash if you broke record ligm staycation with friends and family,negative
whats the point of imitating giving the hair like illusion while wearing hijab please jangan bawak trend bodoh macamni masuk malaysia,negative
indonesian duduk malaysia seronok claim diri as sabahan hati hati guys lagi lagi yang ada suami kerja tentera atau polis,negative
malaysia kebanykkan kita dengar lelaki curang tapi kalau dekat indonesia jangan main giler weh perempuan mengandung pun boleh pergi check in dengan lelaki lain pastu mati kena bun h ada viral baru ni suami handsome mcm k pop anak pun boleh curang dgn muka jawa perempuan sana nafsu serakah lain mcm bersyukurlah duduk malaysia yaa,negative
trump dtg malaysia imam masjid sila kuatkan speaker tiap kali masuk waktu solat trump kan tak suka dgr azan so inilah masanya kita bagi syaitan terbakar,negative
dear one ok rock team we want oor movie in cinema kat malaysia jugak ktorg nak sambung pcd kat movie plak please oor team make it available in malaysia too,neutral
hello my sos fans,positive
the prince never runs he always completes his missions putra abdullahh jtt family byon byoncombatshowbiz malaysia indonesia,positive
orang baik utk orang baik memang betul because good people naturally attract each other when your heart is sincere kind n genuine you will meet someone with the same energy it may take time n sometimes life tests your patience but everything happens for a reason dont lose hope or change who you are the right person will come at the right moment appreciating you for who you truly are just trust the journey,positive
kau memang lelaki paling bangsat bodo kata pergi oustation rupanya curang check in dengan betina hotel siap pernah bagi pregnant gugurkan baby tu memang aku viralkan kau malaysia biar tak ada betina mana yang kenal dengan kau seharian aku down waktu malam baru ada kekuatan nak tahu siapa perempuan kau bagi pregnant tu puas aku letak watermark besar sebab nanti ada geng penunggang buat ni macam kisah dia lapar like,negative
hi ada tak nk join my ticketing service i charge rm per tix available only general vvip standing dm me now,neutral
guys im battling for standing zone today kalau dapat im selling my x cat section row b i paid for rm selling at original price,negative
should i purchase a new ticket and sell the current one since its not the cat i want but is there anyone want to buy it if i sell it later,neutral
asallamualaikum tak jwb dosa,negative
so they have already confirmed there wont be any day keep battling untuk besok guys dont lose your hope yet,neutral
happy readings malaysia cool libraries,positive
orait tak orait geng sumpah paling smooth battle tix am start am payment completed hehe,negative
mcm ni la kerja saya hari kalau stop je dia bising,negative
im legit crashing out right now wtf do you mean by no vip standing dah i nak vip standing,negative
first time seeing malaysia airlines cabin crew being rude or rather sarcastic,neutral
for a someone that travelled around countries with a malaysian passport i think spain is the easiest country to go through immigration just scan the passport when entering and leaving spain no immigration officer no questions nor restrictions infact nak masuk mexico lebih complicated,negative
why the booking fees are expensive rm extra fees per ticket is crazy wei nvr have i ever purchase concert tix with dis expensive fees like,negative
hi i nak let go dua tiket standing general admission rm rm each service charge by ticketmelon boleh dm ya,negative
salam battle sos,positive
dia faham ke tak maksud subsidi untuk warganegara malaysia sahaja spouse visa ke sijil nikah je tak laku okay rakyat pun struggle banyak cantik nak sama rata rakyat malaysia ada ic tapi takde lesen pun tak dapat rm tuu,negative
habisla pak arab ni bila jabatan netizen mesia buat keje sampai ke lubang cacing dikorek geng netizen jangan main ngan jabatan netizen malaysia ni siap pakat report kat website medical device authority mda siap check company pak arab tu takde license mda dan penyalahgunaan logo mda boleh kena kompaun up to rmk mendapatla jawabnya isusemasa rakyatmalaysia,negative
ni kenapa yaa,negative
top companies dengan gaji fresh grad tertinggi di malaysia tahun,positive
its getting reall gonna see ma boiss soon,positive
hi warga threads,neutral
clensing my own timeline by posting photos from sandakan sabah malaysia,negative
malaysias banks just posted their cleanest q in years thats probably the problem,negative
massive traffic all around puchong due to one break down lorry at ldp near tractor malaysia it s like a gridlock everywhere when is,negative
im leaving malaysia finally thank you god,positive
racism in malaysia is very real,positive
why is jb price so high the portion is small but the price is like orang jb semua guna singapore dollar ke,negative
golive really tested my patience yesterday i feel like todays boutto be worse for the ones without tickets esp sending luck to everybody n pls dont get scammed online esp here on threads if ur re buying it from someone else,positive
hi salam nak jual model nintendo switch version oled jailbreak storage gb colour white jailbreak yes condition rarely use set malaysia warranty none price rm best price,neutral
we said goodbye to malaysia but we werent ready,neutral
sqft tiny house located in malaysia defined by its bold a frame and metaldeck cladding this scandinavian tiny house blends warmth light and simplicity,positive
hi ada tak nk join my ticketing service i charge rm per tix available only general vvip standing dm me now for tomorrow presale,neutral
were hiring a content creator,positive
hii i tengah cari fresh flower bouquet mini preferably between rm rm kl area hmu please,neutral
what do you mean sos did outer space during the recent soundcheck because i need that for the show in malaysia please i m begging,negative
wtb daniel caesar son of spergy tour in malaysia need x th may tickets,positive
comel je cara dia tengok ayah dia sambil dodoi dia,negative
hold up im still puzzled how r uguys can secure more than tix less than mins damnn,neutral
morning peeps suggest lagu local indie malaysia please nak get inspired jap,negative
is anyone still on the website i cant get tickets help a girlie out,negative
lima is set to redefine the future,positive
who wants to learn german in malaysia,positive
looking for someone who is a kpop fan in kuala lumpur malaysia speak a bit of korean and passionate in being an emcee,positive
the time has come malaysia are on top of the world,positive
since this is my first ever concert i have soo many questions but hoping all my questions will be answered once the concert day is nearingg,positive
hii party people p anyone here managed to secure cat section im going solo and would love to make some friends before the concert feel free to hit me up,negative
senior quantity surveyor exec signing off till then starbucks malaysia,negative
sneako an online content creator known for his livestreams and commentary style content has identified malaysia as his preferred destination during his southeast asia tour speaking in a recent livestream he said he felt a stronger connection to malaysia compared to other countries he visited,positive
were hosting a language meetup in mont kiara for those who pre register the participation fee will be offrm instead of rm before the meetup well also go to a japanese festival together all the food there is free its happening on saturday may anyone interested,negative
malaysia is not an islamic country it is a multi religious and multi racial country ya agree that maybe is muslim in malaysia but reminding this again as non muslim have played a vital role together to develop our country rain rave festival is for non muslims to enjoy if you believe this is haram in your religion please dont attend nobody is forcing you to join ive also seen malay muslims attending the festival please think wisely instead of just blindly throwing words,negative
general sale at pm,positive
letting go of my mcr ticket on nov zone c section rm negotiable kalau interested boleh dm thank youu,negative
this man rafiziramli has sacrificed so much for this nation have fought so hard against corruption for decades today he is being persecuted for fighting for malaysia he needs all our prayers i firmly believe in his innocence his valiant fight has no parallel a true patriot,positive
please follow me ya guys i regularly update the latest job vacancies in malaysia,neutral
kelat started to show zoochosis sign and kelat is now mentally distressed is this what our perhilitan and nres said conservation and enrichment effort,negative
i need tips for the day itselff concert goers for general standing u guys selalu arrive what time to get barricade,positive
looking to buy tickets for cat pm me if you re selling,negative
the most beautiful places in malaysia,positive
girl if i were fa i only need one day to move on after u burukkan about me openly in front of the whole of malaysia u think thered still be any love left even if there was it would disappear the moment you did that and fa has been patient if it were me id have exposed everything alreadytheres no way someone takde aib langsung utk tahun bersama i harap ini yg terakhir i layan manusia yg tk move on ye,negative
not everyone deserves a second chance u can give someone space n opportunity but still end up getting hurt again unless they truly change for the better most person arent ready to appreciate the chances they are given n they take it lightly only when the opportunity is gone do they start to regret it whether in berkawan or hubungan not everyone knows how to value what they have until its too late n everything is already lost,negative
hope u really enjoy in malaysia food culture,positive
do you think manchester united can win against nottingham and brighton in the last two matches i do not think so,neutral
presale sold out,negative
weh senang gilaa nak battle tix sos ni wtf in freaking mins je andd all donee hell yeahh lesgourr,negative
team vip standing congrats semua jumpa nanti im going alone but tape kita ramai lets be happy and enjoy together,positive
geram lah aku audience cuba duduk diam all the phones during the performance too when they already said to put down your phonesdatang malaysia je lah tis jwanji kitorg kumpul fon sebelum concert pon boleh,negative
vip standing secured in under minutes i was shaking so much i bawled my eyes out,negative
hi i nak buat ticketing service for presale sos in kl today only rm per ticket dm me if interested skrg tgh queue,neutral
hi doing ticketing service again this time for sos in kl am queuing for standing pm me kalau mahu sekalii,negative
i love drawing but sadly i need to put it aside getting money from doing art commission is actually really hard and i need think of ahead so i decide to find a stable job instead nak aku duduk malaysia ni mmg idok la,negative
korangg cubaa teka kami bergossip pasal artis yang mana satu kalau betul i belanja lunch mangku tingkat,negative
alert perhatian semua,positive
last call i managed to get tickets yesterday,negative
do you guys know we can actually claim tax relief for being artsy this year,negative
posts for malaysia from siti nur chorong jelebu ouu apink is so coming back here,negative
i will never forgive what conservative malays did to neurodivergent people queer people and other races,negative
san choi wreck perhentian island,negative
secured all x tickets for our customers today thank you for trusting us,positive
im not happy at all but i know i should be right cuz i can see them and listen to them live no matter which package i got but man im so disappointed sad depressed and anxious i got the vip seating but at what cost,negative
im going to battle for tmrw general sale all of u pls make way for me i want cat standing im begging ive been reloading the website since the presale starts until it sold out and i still dont get it crying throwing up rn bye,negative
pleasee lahh i just need tickets,negative
any sarawakian yg pergi konsert sos sorang especially from kuching we can plan go concert together,positive
salam siapa cat sect specifically row c kawan with me please im going alone bc target nak cat w my friend tapi cam biasa la seat yang best always go to scalpers and larpers in the end only got tix please juseyo jebal somebody reply im a yo teen,neutral
wtb cat standing x pleasee,positive
this is malaysia,positive
were hiring data entry remote,neutral
i am so flabbergasted at the mof s suggestion of budget cuts to the health and education sector,negative
famous national animals,positive
busy busy busy tgh class,neutral
kuala lumpur out and about exploring the city malaysia kualalumpur explore travel,positive
bahasa malaysia is the national language of malaysia,positive
gonna joined the flex hehehhe secured the ticket while in the office within half an hour alhamdulilahh remembered that one time i used amnesia as my ringtone when i was and finally can meet them irl that s crazyy,negative
hello malaysia the loved one will be showing in cinemas there tomorrow hope youll like it sending,positive
i know many of you are excited that they are coming to perform but im not sure how many of you are aware that the band especially m shadows is pro israel,neutral
malaysians these days are so sensitive and annoying you know when there are concerts in malaysialike thai korean or othersthere are always so many netizens criticizing them the reason is because malaysia has muslims and they say concerts arent suitable here because theres a lot of maksiat sinful behavior what the heck bro im telling you in this world right now maksiat exists everywhere actually you shouldnt judge people based on religion,negative
done register malaysia marathon anyone lagi,negative
just me or website is crashing,negative
petition to ban identity politics following singapore example in malaysia so no more race based religion based organisations can be a political party or compete in elections that includes mca umno mic dbna rks pas etc,negative
this is the true picture of malaysia today most of the time everyone lives harmoniously and we help each other in our daily lives still we have a group of religious extremists who think they are the kings of the land and that all non muslims who demand their rights here are wrong or unacceptable so every country has its toxic groups americans have maga fans and we have extremists,positive
thinking of starting a coffee farm in malaysia,positive
hiring accountant manager in puchong,positive
wts tix sos dm me if interested,neutral
wdym im willing to spend so much money and still couldnt get my desired ticket why the system like that weh can limit tickets per person and not each,negative
question for standing ticket the seat number is our queue number ke or queue number kita tak dapat lagi,negative
anyone wts verknipt ticket,negative
please siapa ada extra general standing ticket for sos please hmu i need only tix,neutral
i just want to let you guys know that we have a lot of cancer screening in malaysia available in klinik kesihatan targetted for certain population free of charge some of it include screening for cervical cancer pap smear colorectal cancer stool ifobt breast cancer mammogram if only general population understand how important these screenings are educate you friends,positive
mcr simple plan and evanescence all in the same week gila laa sakit pinggang oii kalau semua ni kana hadir and my wallet will be crying too,negative
hi ada tak nk join my ticketing service i charge rm per tix available only general standing vvip standing cat cat only left slots,neutral
hello anyone ada extra standing tiket pleasee serious buyerr,negative
secured cat for sos yeayy had lots of empty seats,neutral
this is so concerning belum sale dah crash website golive,negative
anyone from malaysia need anything from jakarta im going next week,negative
am in pahang malaysia at the invitation of his royal highness al sultan abdullah riayatuddin al mustafa billah shah and her royal highness the tengku ampuan of pahang tunku azizah aminah maimunah iskandariah i will also be travelling to terengganu,positive
so thankful for my friend im going to meet sos nak nangiss secured general standing hehehehe,positive
hii i will be doing ticketing service for sos in kl,positive
anyone ada nak tak sos can dm me put or own details ya i have presales code,negative
looking for a reliable malaysia property agent who is strong in putra heights subang jaya landed homes,positive
hi im rinah a self taught artist from selangor malaysia i love painting dreamy landscapes theyve been my biggest inspiration lately where are you from,positive
weh finally my ts can secured my ticket at first baca tu almost nak nangis ye anyone with vip standing hope we can meet there soon,neutral
good morning guys just sharing incase anyones wondering good luck todayy,positive
open ticketing service sos in malaysia use ur personal data and self payment fee after secured,positive
di sosmed netizen indonesia heboh menggelar malaysia sebagai malaydesh tapi hakikat nya ayoh lihat sendiri indodesh atau malaydesh,negative
calling all melaka based kols,positive
ini kali lah what we can buy if broke malaysia half and marathon record at malaysia marathon price variants malaysiamarathon,positive
promoting linen for malaysia weather tapi kena pakai inner isnt it defeating the purpose,positive
we go againn sebulan sebelum klscm i nak buat as long run,negative
stop the bullshit,negative
manage to secure x tickets for today s presale all buyers will be contacted shortly,positive
wts sos ticket cat sec seat only,neutral
arghh see you peeps,negative
hi anyone got extra tix for gen standing x serious buyer here,positive
had a meaningful experience exploring the university of cambridge while representing bank negara malaysia,positive
does anybody in the kl tcg community know of this guy i need to find his ig or contact at least cause hes the best to deal with always kind always fair always accommodating love dealing with him,positive
october michael jackson waves to a crowd of fans from the balcony of his presidential suite at the concorde hotel during the malaysian leg of his history world tour,positive
people complain tiongs leadership about events like this,positive
s sivasangari continues to make malaysia proud after producing a stunning upset over top seed and world no amina orfi to storm into the grasshopper cup final in zurich switzerland,positive
wishing all the best to everyone who is getting their tix tomorrow for sosinkl but not to the scalpers,positive
hey content creators based in malaysia i m looking for creators in the perfume fashion and lifestyle niche to collaborate with,positive
just got my sos tix guys vip standing,positive
anyone still wants vip seating tix go dm her,negative
malaysias elephants dara amoi and kelat were sent to tennoji zoo in march,negative
still cant believe what happened today ahh y o me would be so happy,neutral
anyone wanna sell me their sos general standing tix if not the vip standing help a girl outt,negative
help tot me and my bf first time buying tickets and we ended up pick different seats cos of limit is it possible for us to sit together,positive
medical students of new castle university malaysia numed in limbo as uk government block uk degrees from malaysia,negative
this is genius mini telephoto kit setup anyone would you get the vivo x fe just for this i know i would,positive
enthralled by whats happening in malaysia right now the ns drama is malaysian politics so much more exciting than sg politics,positive
whoever buys and resell ni i ll cry bc why t t some of us didnt stand a chance at all atp,negative
hey guyss just wanna warn yall about this person agreed to trade tickets which was my fault i admit but end up kena ghosted scammed and blocked she also ended up listing my ticket and yes ive learned my lesson just a psa to those who wanna buy from her stay safe guys,negative
subsidi bensin tu untuk warganegara awak tu indonesian kenapa buat video nangis kena ada ic bukan visa kerja bukan visa spouse please jangan mengeluh tentang pemerintahan malaysia saya tahu sisi gelap kedua negara kalau nak cerita tentang pemerintahan indonesia hmm gapapa la nanti aja cuma tu lah ayat dia sesuatu yang mudah jangan lah dibuat sulit,negative
just made in malaysia,positive
to the owner of this car you are an idiot who almost caused an accident dashcam cameras are everywhere watch out,negative
serious question berapa actually gaji tiktok live host,negative
hi my name is kai hung i m an independent bag designer based in penang malaysia and this is my signature bag design the blooming flower bag,positive
jan loan interest rate affin bank alliance bank ambank bank islam bank of china bank rakyat bsn cimb bank hong leong bank hsbc mbsb bank maybank ocbc bank public bank rhb bank standard chartered uob bank al rajhi bank aia,negative
im not against partying i rave too but this rainrave feels a bit turn off for malaysia especially under tourism it looks more like songkran than showcasing what actually represents malaysia we have our own identity bro culture balance and a more grounded vibe haihh honestly a bit malu wtf man rave parties are about music energy nothing wrong with that but context matters what works in one place doesnt always fit another,neutral
letting go section x tickets rfs managed to grab vip dm if int,neutral
year old me must be proud,positive
i did not in fact get any tickets lmaoo i was aiming for standing but couldnt get any seating ada jee tapi tu la,negative
congrats tuan always make sure kita make our own decisions hehe by the way saya hazmi mr moomoo malaysia if nak belajar tips and tricks boleh je melawat thread saya,positive
hi everyone heres my klif catalogue,positive
my second time seeing saosin in malaysia still not over it the crowd was older but the energy wasn t the moment the music started everyone knew every word very chorus a room full of people who have been holding onto these songs for years and everyone still knew every word,negative
morning vibes penang hill,positive
anyone wants standing cat x in cart,negative
setiap sholat eid di malaysia terus ngeliat cwe cwe malay langsungg nyess bgt cantik ii bgtt cantik nya yg bnran cantik idung mancung rahang tegas pipi nya tirus tirus terus makeup sama tone kulit nya juga nyatu njayy ngga yg abu abu pokonya cantik nya cwe malay sm cwe indo beda bgt haha tapi same ii cantik,negative
those who manage to get general standing during presale u guys pakai magic apa,positive
hai teman teman di indonesia kalau kalian mahu tahu menteri menteri kami telah melakukan pengkhianatan kepada harta negara kami iaitu ekor gajah yang tidak ternilai menteri kami telah menjual gajah tidak berdosa ini kepada zoo tennoji di jepang jika kalian mahu tahu zoo tennoji itu adalah zoo terburuk di sana bahkan hampir semua zoo di jepang ada rekod yang sangat buruk dalam menjaga haiwan haiwan di dalam nya sekian berita dari malaysia ku tercinta sebarkan pada teman teman kamu,negative
i m always sad whenever i leave malaysia kayak suka aja vibes disini as a chinese malaysia just feels more like home multicultural i feel more at ease here,negative
hi malaysia hello from coachella here hehe,positive
hii ada sesiapa interested in buying vip standing tickets i have extra tix to sell bcs managed to get the vip seated heeheh,neutral
yall i got vip standingg,positive
embassy of egypt in kuala lumpur malaysia,positive
my ticket in vs,positive
malaysia has the best crowd,positive
last night in kl felt more than just a show cus it felt like healing every note and every scream hit deeper than words to one ok rock thank you for turning pain into something beautiful and to taka moriuchi even when you werent at your best you still gave us everything you had that kind of heart doesnt go unnoticed malaysia felt you every second of it we didnt just attend the detox tour but instead we lived it oorers malaysia will carry this night forever,positive
hi mothership team id like to flag a viral case in malaysia involving a singaporean individual that has sparked public concern over alleged payment issues and conduct toward local service workers,negative
im so skek its literallh more mins,negative
recently i received an email from malaysia airlines about a change to my family seating and i couldnt help but feel anxious as my family is plus sized traveler i had thoughtfully selected a seat that would allow me to fly comfortably i hesitated before calling expecting a long wait but instead i was met with one of the best helpline experiences the officer answered quickly handled everything efficiently showed genuine understanding im truly grateful for their support my next fav,positive
one of my favorite places in malaysia for a weekend getaway only mins from kl,positive
still wondering if your salary is normal,neutral
how far would you zoom into also would you carry this around in your pocket lmk,neutral
dahlah first time tak secure ticket,negative
anyone got vip standing juga for sos in kl i need a friend,positive
hi threads community,positive
tix secured for todays ts slots artist presale,positive
quickest ticketing ever hehehehehe rlly can t wait,positive
golive you must be fucking kidding me,negative
thank you for accepting us to be part of this valuable session,positive
event crew kl pasar seni rm jam orang energetic fast apply today,positive
first debut hm done register huhu kene start training,positive
im gonna see the band that i loved since my teenage years,positive
save this for your next trip to kuching,negative
debut hm incoming,positive
this is my third time participating in,positive
anyone still need help to secure ticket in general sale i can help ticket under your name and self payment,positive
thank you darling,positive
of animal lovers are lying heres how you can help adopt instead of buying foster if you cannot commit long term donate even rm to rm helps support local shelters and rescuers share this so more people see it,positive
selling a year old sdn bhd sarawak,negative
kerajaan malaysia menyasarkan gaji minimum rm sebulan setara idr juta atau usd majikan ada tahun lagi untuk bersedia huhu,negative
can someone get me the logic kalau indo kawin indo tapi anak lahir kat malaysia anak terus dapat ic biru like how semudah itu ke kerakyatan malaysia ni cause if dekat negara luar duduk tahun pun belum tentu lepas untuk dapat citizenship,negative
in malaysia the indian who cannot speak tamil we call them coconut,negative
dari kes zara satu malaysia tahu betapa korupnya kerajaan negeri sabah itu baru isu korup belum lagi racist fuhh,negative
kakak indonesia nak harga subsidi ni delusional sangat dah rakyat malaysia yang pakai lebih dari l pon tak dapat tambahan subsidi kakak ya allah,negative
posting this with her permission,positive
anyonee from indonesia watching sos in malaysia,negative
anyone nak section v seat numb e can dm me ya vipp,negative
beware of this scammer i ve tried to buy two cat sosinkl ticket from them and they kept asking me and my friends money and when we said no and wanted our money back they demanded more money from us be careful guys ni esk nak gi buat laporan polis,negative
open for preorder now,neutral
jom test otak pagi jangan google ya tak tahu tembakk je,negative
kuala lumpur sunsets and the moments that made this week,positive
open vacancy area klang,positive
pada mata aku kan kt malaysia ni indian ni cantikk sgt pure indian cantik melayu mix indian cantik chinese mix indian cantik aku minat betul dgn feature face dorang manis hidung mancung bulu mata lentik mata bundar definisi cantik ni sbnarnya sbb feature face bukan sbb warna kulit korang mix indian atau pure indian cuba letak pic i nak cuci mata tengok orang cantikk,negative
expats if you moved to malaysia for a better lifestyle why are you still living in a box,negative
yang tengah cari happy mail snail mail club hii im yasmin sekarang tengah buka sign up untuk bulan may ni for my mailclub due to irregular postal service by posmalaysia kita open sign up for new members dengan registered mail by default this helps you to monitor your mail journey also u x perlu risau mail tu dekat mana stucked or hilang or etc,neutral
hellu a lil heads up ive signed the petition yesterday you should too hope this can help as for now to bring babies dak home insyaallah thanks for sharing you kind hearted souls,positive
guys please if you guys have any info i booked tickets and all of it under name will there be any form to fill about other atendee or how,negative
hi im a film photographer based in malaysia thailand i want my photos to reach more people overseas,positive
anyone nak cat row b x,negative
were looking for a social media intern immediate start,positive
must try famous fluffy donuts in penang malaysia,positive
perempuan konoha kalau dtg malaysia nak cari laki sebab nak ic please sondol laki cina or indian je laki melayu banyak sampah biawak hidup buat rugi ja kamu dtg sini,negative
hutan kita berumur juta tahun lagi tua dari amazon tapi kita lagi kenal jalan kat seoul daripada jalan masuk ke jantung negara sendiri,negative
kata org thread sempoi jom la friend dgn saya tak sampai lagi ni kawan di thread saya ni,negative
stargazer house is a sq ft home in malaysia designed for a small family a central courtyard opens to the sky bringing light and air into the heart of the house living area kitchen swimming pool and courtyard flow as one communal space while three private bedrooms connect visually to the garden built with conventional materials techniques the design focuses on spatial experience and affordability,positive
daesung will be performing at asiatop music festival in malaysia asiatop,positive
after years living in malaysia i just realised actually malaysia a country built by a chinese people the malays looks like a minority,negative
i just wanted aesthetic plant now i have trauma,negative
anyone interested korean and japanese translated books semua baru ye all original books in mint unread condition boleh pickup from maluri cheras,positive
if i had to choose one city in malaysia to retire and settle down in kota kinabalu would definitely be on the list its very livable,neutral
it was epic days in kuala lumpur during the rain rave music festival,positive
i ada x extra standing tickets to let go trusted can check my thread for my history of proof of purchases,positive
hello nak cat x pleasee lmk if anyone hass,positive
countries with the most indonesians,negative
haloo i have extra cat tickets sebab ada backout buyer tetibe hadeh anyone yang nak with rm service charge,negative
alhamdulilah secured my tix ur girl is officially seeing the boys again after whole ass years wjsjwjshsj,positive
it s my turn,positive
hi guyss i have extra vip standing to sell i guna ts for this one and i managed to upgrade it to vip seated huhuhu dm me for more info,positive
yay i secured my tickets,positive
sharing is caring,positive
salam warga threads i am a final year psychology student from taylor s university and i need your help to fill out a min survey if you are malaysian between the ages of and currently enrolled in any university in klang valley selangor kl not living with depression or anxiety do join the study your responses will remain anonymous and confidential and it means a lot to me,positive
hi elf malaysia i m siti,positive
i see me,positive
helloo warga thread,positive
malaysia proudly giving sneako the rapist a platform is so humiliating,negative
save the date korang ada day treat esok may,negative
ai won t take your job the person using ai better than you will,negative
now hiring mechanical engineering roles bukit raja klang automotive manufacturing onsite days week attractive salary based on experience open roles r d mechanical engineer r d hardware dev manager mechanical manager nurfatihha r com my,positive
orang cakap kabel tu penting but i dah buktikan without kabel pun boleh,neutral
the setup hehe,neutral
the account that she mentioned alrdy changed her his dp and username too beware okay everyone,negative
why saya tak bole nak choose seat sold out dah kee,negative
another day highlight that had the whole crowd losing it,positive
dah lebih tahun dah and i still think this movies were one of the best romcom movies ever existed in malaysia the location the cinematography the background songs the vibes the storyline everything was just perfect the way it was my comfort movies korang pulak,positive
here s sy s take for the movie which just recently entered the rm million club,positive
its not real tree its call artificial bird of paradise in malay kita panggil pokok pisang hiasan,negative
hello threads fam im dr diana from malaysia with years in psychotherapy im here to talk mental wellness healing and everything in between,positive
hi i have extra vip seating row b seat side by side to letgo can enter together and will be at the venue jugak nanti can pm for price and other details,positive
salam boleh tanya in malaysia atau oversea and engineer in what field software or it,negative
anyone need cat x,positive
omo hear that crowd at the recent water festival in kuala lumpur gd,positive
wasnt planning to go but i changed my mind only managed to study my preferred section this morning then signed up for the artist presale and finally got myself a ticket,negative
apa chaotic sangat hidup aku ni my purse is in by boyfriends card wtff,negative
points for not having malaysia on the list,neutral
malaysia pavilion bukit bintang rain rave water music festival,positive
kuala lumpur malaysia,positive
only my ipad got through this is not it babes not cooll,negative
trending music on youtube music malaysia,positive
ya alhamdulillah for my time in malaysia i am so happy to be here and to celebrate the joy of the malaysian people every day i make dua for everyone who has recently married and for the success of all my new malaysian friends i truly cherish every encounter ive had ive really enjoyed my filming work in malacca the warm open house invitations and learning so much about islam,positive
more day left at siuk havoc food fest,positive
malaysian be like susah nak kurus kat malaysia ni makanan kita menggemukkan,negative
hi everyone im hui yin a registered and licensed counsellor based in kl kb pa i offer therapy sessions both face to face and online for clients in malaysia,positive
malaysia to world cup lets goo,positive
what a beautifully multicultural country malaysia is,positive
what is the malaysian culture,positive
the question i ve been thinking about too i thought japan loves animals but they treat wildlife in zoos like pests we need dak back home in malaysia zoo taipjng oh zoo taiping senyap sangat ni pmx already visited,negative
i think i found a little piece of myself again,positive
were looking for malay chinese lifestyle creators for an upcoming campaign with bam co,neutral
got my vip standing,positive
located in kuala lumpur malaysia taman tugu is a beautiful park near the national monument with its picturesque trails it s easy to forget you re not in a remote jungle the heat and humidity see to that listen closely and you ll hear monkeys leaping through the trees,positive
hi semuaa i perlukan nano kols with k followers and above for skincare review,positive
ready for general sales today guys secured x ticket semalam for sos harap harini dapat cat,positive
interest rates around the world as of april,positive
wtt want to trade ticket daniel caesar to daniel caesar standing area malaysia,negative
jumpa kat starting line yaa,neutral
no one said supporting tamil nadu politics supporting vijay supporting tvk means abandoning malaysia you can walk and chew gum at the same time caring about more than one place doesnt divide loyalty but it just proves your world isnt small,negative
omg just secured the ticket after almost hours arghh,negative
wts x cat tickets dm if interested,neutral
kl maleka malaysia,positive
gareth t prince of nothing on guitar show done,negative
give me a few months and ill be married to a malaysian woman malaysia travel muslim,negative
another day another impromptu decision to sign up for another half marathon,negative
life recently i know you miss me igers malaysia,positive
now open for tennis classes,positive
dating scene in malaysia is fucking pathetic,negative
lisha ho on the harpers bazaar malaysia may cover cd and styling by me,neutral
concert crew date time am pm payment rm day interested can dm me thank you,positive
private investors business networking,positive
middle finger to all of you yang beli banyak and resell untuk cari untung,positive
defending urself is illegal in malaysia,negative
wagai coer malaysia sekaliann mcm manaa nak streamm tracks tu and ss eh i tak pahamm sorry la first time plss lemme knoww,negative
thank you everyone yang suggest seating siap share vid i owe u guys a lot semoga yang baca and help me dapat tiket that u desired,positive
simple plan malaysia,positive
helloo i m engku a third year student of bachelor of dietetic currently looking for respondents for my final year project if you tend to have some free time and matches these requirements your participation will be greatly appreciated thank youu requirements malaysia y o currently living or studying in university in klang valley kl putarajaya hulu langat gombak petaling sepang klang,positive
malaysia share your last meal in the comments and win a meal on us,positive
i think i can safely say every house in malaysia ada botol minyak akar ranting daun ni dulu ours was minyak merah,negative
upgrade phone upgrade ticket,positive
proud to be malaysia moa,positive
songran in malaysia,neutral
me in hs a decade ago vs me with my big girl money,positive
penat tapi still lock in,neutral
i am malaysia,positive
after hours travelling our year old tries his first meal in kuala lumpur,positive
top adhdfriendly workplaces di malaysia termasuk tempat d sendiri,positive
ya allah selamatkan bumi malaysia maafkan kami ya rasulullah maafkan kami ya allah aku pendam sorang tak boleh nak tahan dh bulan al quran diturunkan ke dunia dihina di bulan yang sama,negative
alhamdulillah i did it secured by my ownself im so happyy see u guys in nov smoothest ticket buying i ever experienced seriouslyy,positive
g dragon bloom pop up is landing in kuala lumpur get your hands on the exclusive daisy block set designed by gd himself plus a chance to join the lucky draw limited time only dont miss it,positive
they say you only realize the value of home once youve seen the world,neutral
hello f b bosses may i know where can i get this type of exhaust hood in malaysia must be no ducting and self filtered appreciate in advance,neutral
moment here at rainrave,positive
i m japanese and i studied islam with malaysian sisters,negative
i m from malaysia friend,positive
let your home sparkle again,positive
truthfully im a brand designer with a introverted homebody shell,negative
done simple plan sorang pun jadik my inner teenage girl is happy,positive
hii i berjaya secured presale tickets tadi alhamdulillah,positive
experience kuala lumpur lights from the upper deck watch the city skyline glow at night while enjoying a cinematic ride through the heart of kuala lumpur,positive
light up malaysia group exhibition with illustrators gmbb,positive
cowok malaysia mana nih,negative
good morning to all corporate slaves,positive
hello everyone im looking for a snail mail service based in malaysia that offers registered tracked mail only before this i pernah subscribe untracked mail tapi tak pernah sampai so now i prefer yang offer registered mail shopee option tqia,negative
anyone nak tickets for sos in kl vip seating vip standing cat cat dm if interested in the tickets original price rm only serious buyers,negative
available for gensale tomorrow anyone nak slot can dm ya,positive
i m finally projected to hit rmmillion in which means i can withdraw excess epf savings but the threshold is increased rmk every year onwards starting i feel like the system is targeting me,negative
psp fullgames memang layan beb nostaliga moment with this handheld game,positive
were building a culture of kracked founders in malaysia,negative
anyone nak my service fee rm per ticket onlyy,negative
sosinkl from eo live,positive
i am muhammad sumud nusantara from malaysia,negative
hey kl girlies hosting weekly events for girls who wants to vibe around kl city meanwhile creating a safe space for girls to chat around,positive
if i hold my photography course in malaysia will people be interested in it,positive
come oni will cover you malaysia,positive
stray kids english names,positive
anyone boleh share view from section aku panic buying nk secure tix side by side ambil ja apa yg ada pleasee seat view,negative
anyone looking for part time side hustle in malaysia,negative
letting go general standing cat cat reserved vip,positive
how much in total from malaysia to japan,negative
were hosting an exclusive beach themed pr launch party with a shave care brand all about body positivity and a safe space to connect and vibe,positive
lets go debut fm,positive
hi im a full time model in malaysia will be available for bookings may onwards,positive
secured x tickets for gen sale today,positive
hope this thread reaches malaysian new mothers does moh malaysia give out bantuan hampers for mothers during certain times in a year,positive
hi everyone our office is going to do an open interview for financial advisor position,positive
hi guys looking to get used car at a good deal in kepong area where do i go,positive
urgent help needed kittens up for adoption approx months old all female vaccinated dewormed flea free,positive
thanks for tagging me,positive
we are hiring position livestream moderator chinese female e commerce admin female,negative
jackson wang is rumored to attend kans upcoming event in malaysia as the brands global ambassador,neutral
were expanding our team at voltek energy,neutral
detox asia tour in kuala lumpur,positive
mana diaorg dapat semangat perjuangan ni dah kena tahan dgn iof dibebaskan bukan nak balik malaysia nak sambung lagi perlayaran ke gaza dahsyat betul semoga urusan mereka dipermudahkan allah,negative
the data center sector continues to boom in malaysia demand is extremely strong and my clients have had to secure and pay for server capacity in advance even before construction has started,positive
well never be as young as we are now,positive
daesung invites us all at asia top music festival,positive
hi portfolioday im hazren pixel artist from malaysia and heres some of my work,positive
hi guys kl malaysia,positive
never give up on your dreams no matter how painful and difficult your journey is themightytigerar ifc_malaysia,positive
found the perfect pancakes in subang malaysia,positive
part of the kl water festival,positive
we laugh at anything,negative
anyone nak extra cat and vip standing dm me now a buyer cancelled reservation because they managed to secure a ticket selling for original price,negative
any pretty fem lets moots im from malaysia btw and soft masc,negative
mix roses for today rm jee,positive
we re not special,negative
is there any business owner in kuching or malaysia willing to hire me as an intern for a day,negative
im sort of burnt out after the crazy finals hours of nonstop essays and such a dramatic eventful semester these few days i just sleep a lot thats all,negative
malaysia we have the new queen here is our new,positive
secured x tickets for today,positive
part time concert crew needed malaysia,positive
take me home scootie bye ipoh malaysia,positive
my teenage self would be proud of me because back in i was only in the ga pit,positive
event crew konsert kl needed pasar seni rm jam kelayakan female male boleh kerja dalam team tugas handle event assist crowd whatsapp dm untuk apply slot terhad,neutral
detox asia tour from thailand to malaysia one ok rock detox asia tour,positive
cant wait to be back in malaysia eating nasi lemak and going to the mall every single day lol,negative
im a female photographer based in kl malaysia im open for jobs and would love to connect with you to work on your project,positive
tourmaline colour sorting spotted some tiny paraiba esque pieces already,neutral
new spot unlocked in bangi this might be your new daily routine late night obsession maybematcha bangi ug sunway gandaria open daily am am fri sat am am ps pull up before everyone finds out maybematcha bangicafe cafehunting malaysia,neutral
hi im haninah im an illustrator and graphic designer from malaysia lets connect artistsonthreads kidlit threads kidlit threads,negative
counting days around the corner tiba tiba evo announce blak dh siap lineup,negative
putrajaya challenge park known as one of the toughest skateparks in malaysia,positive
in the section comment they trying hard to make the malay and orang asli are same how come jawa bugis rawa minang aceh just came to peninsular that become malay same to orang asli there is no way they are orang asli in just month in malaysia so many riding name of orang asli to become native,negative
we are still hiring domestic workers for qatar saudi dubai bahrain kuwait singapore malaysia hongkong pm for more details,neutral
were hiring multiple tech ops roles global platform,positive
anyone nak cat tak,negative
cuti cuti malaysia,positive
we gotta lock in now,positive
hello threads im a small artist from kl malaysia looking to connect with girlies who love pop culture all things whimsical from this area please _,positive
not battling today jiayo everyone else sending loads of ticket luck dust your way i had great luck yesterday,negative
internship program with rmk and above allowance,positive
just minutes after the general sale opened people are already reselling their tickets on this app if you genuinely double booked and are letting them go at original price taxes thats fair but those marking it up by honestly thats just weird scalper behaviour,negative
pdc asian tour malaysia,neutral
next rave verknipt malaysia corporate girl by day techno by night,positive
finally im done with my task for miss srikandi malaysia,positive
last week nee malaysia kaaran unaku yedhuku india politics today vetri namadhe historical win for thalapathy if i m an outsider for supporting him how are you a fan for celebrating only after he won same people different tune hypocrisy ku oru limit illaya tvk,negative
tribute to my former workplace as it prepares to move to a new head office at merdeka this month,positive
red walls or blue skieswhich one is your favorite part of this view,positive
hey guys im sehranpretty new to threads ive been diving for years and somehow ended up becoming a divepro along the way still feels like a blessing in disguise i also shoot underwater videos just because i love it,positive
one postgraduate opportunity isavailable,negative
global brand ambassador,positive
seconds of summer everyones a star world tour in kuala lumpur,positive
i have extra sos tixs in kl anyone nak can pm,positive
why dah discontinued,negative
th gewinn malaysia open taekwando international championship,positive
singapore merlion park lau pa sat ya kun kaya toast,positive
same place new growth intern life growth fyp malaysia,neutral
one of the best concerts in malaysia this ter menangis time kembali bersama please come back to malaysia soon,positive
all the best battle tix esok,positive
pos malaysia mini is hiring,positive
pm adik angkat srs,positive
hi artist on thread this is my first attempt to draw building in malaysia gigi coffe taiping hope u like it,positive
got my km for the malaysia marathon and rock zone secured for simple plan what a monday morning battle register dulu menyesal kemudian,positive
beauty the beast,positive
a b u trading card game pemuda umno malaysia edition lets go pbera,positive
swag uncle with a blonde hair sungaipetani barbershop kedah explore malaysia,positive
malaysia is an islamic country a thread,positive
meet official apink see u again at malaysia apink theoriginapinkinkl wishlist,positive
malaysia trending pakistan india fyp,neutral
week schedule is out,negative
from malaysia with respect pride,positive
hello warga threads i ada tickets standing zone mcr to let go i believe these tickets still got demands so i need to sell it a bit higher than the original prices bcs i need the money for a treatment we can meet up for more details and feel free to slide into dm arigato gozaimasu,positive
lost in kuala lumpur kualalumpur travelphotography exploreasia malaysia,negative
i sell authentic cosmetics skincare on rednote since,positive
malaysia truly asia,positive
malaysia photos done see u on the next trip malaysia trip ootd streetwear lifestyle,neutral
aku rasa tak adil la anak dia buat macam ni kat bapak dia nak kata ayah dia x bagi nafkah tapi bapak dia bagi rumah yg selesa n besar rumah bilik kot meanwhile bapak dia korang tngok la gambar last tu duk kat pondok je weh bapak dia kena tampil kesian la ramai giler kecam padahal x dngr lagi cerita dari pihak bapak dia ko bayangkan lah anak buat kacau masa akad nikah siap buat live ye satu malaysia tngok sape je tak hangin kan pastu menangis meraung mintak simpati,negative
malaysia marathon here i come reason aku join km sebab month yg sama aku lari kat penang bridge cultural night run km pen cot hour cruise and enjoying the early morning of kl rottenmotorcycle corosmalaysia nohumanislimited,positive
done register malaysia marathon lihm,neutral
to further enhance the safety of kuala lumpur malaysia high resolution with biometric facial recognition cctvs was installed at various part of heart of kl city,positive
finally got mine anyone yang pergi sorang or seat dekat let s be friend,positive
yall see you on th thanks to,positive
malaysia remote freelance role,neutral
malaysia is so peaceful and relaxing malaysia beach relaxing kuantan,positive
sakinah bertarung di malam gala,negative
bangsar south area rm k siap wifi,positive
secured x tickets for artist presale today no extra were not reseller,negative
always thalapathy daww,positive
law students lawyers in malaysia do you have any regrets pursuing law and what is your advice for future law students,positive
they came from all around malaysia penang kedah even kl just to show up for the run join the community something about women choosing to wake up early run exercise its inspiring,positive
kerja kosong guys,neutral
selamat pagi any malaysians with jlpt n n or native japanese looking for opportunities in malaysia wed love to connect with you,positive
i understand that you have a lot of stories to tell your friends on your way back home in the lrt but come on la perlu ke loudspeaker literally talking so loudly,neutral
boo golive sos,negative
bm audio transcriber,positive
working days labour days,positive
position manager in training halal pizza restaurant singapore interview mode online location across singapore salary up to sgd month working hours hours per week days a weeks bond services year,positive
good morning from malaysia god bless you all,positive
you attract what you fear,positive
built not bought best sports car best gtr best show car look malaysia auto fest godzilla did it gtr r libertywalk builtnotbought,negative
let s have a productive day,positive
yesterday activity malaysia s twins tower,positive
my roots are in south indiaim a proud tamilian i was born in malaysia and settled in australia but my pull is back to india as i launch our business globally here i am coming to india to meet my community and find leaders for my business lets meet whatsapp,positive
singapur to malaysia cruise me swimming pl full tame enjoy,positive
not eid anymore but eid day,neutral
anyone wanna work together help me sell a rubber plantation in jasin,positive
letting go vip standing rfs got vip seated trusted dm if int,neutral
where are you from malaysia ohh so you speak malay yea why you speaking english so well hmm because i learn that too so you speak malay and english no mandarin and cantonese too excuse me how because i am chinese you are chinese guess what happen next,negative
alhamdulillah tidur lena anyone section lets be friend hahaha,negative
kerja mcm aku ni hanya ada peristiwa yg akan berjumpa kwn ada kenduri ada event kematian korang plak cmner,negative
yesterday i saw my oomf say that the winners were seated upstairs and damn i just found the winner s pov today this is so unfair people spent money to join and win and this is how you treat them somersby gave influencers very special treatment when some of them don t even really know who yeonjun is i m so disappointed seeing winners being treated this badly the management overall was really bad they should know how big yeonjun is in malaysia,negative
part time bm transcription,positive
yg free je,positive
im so in love with malaysia so i chose that country to shoot my mv,positive
did u miss psp here some of my fav games,neutral
alhamdullilah guna different browser and dapat vip seating seat sebelah for me and my husb walaupun target nak vip standing hehe,positive
rekap dokumentasi program student immersion go to singapore malaysia april mei,negative
in i traveled across thailand malaysia singapore china indonesia and the philippines meeting and photographing followers,positive
malaysia marathon hm lai,positive
spoke to two medical students attached to my ot today both are already applying for housemanship abroad neither plans to work in malaysia after they graduate this isnt new over the past few months ive had similar conversations with many students attaching to us almost none of them plan to continue their housemanship in malaysia when i ask why their answers are disturbingly consistent weve read too many horror stories about kkm on social media we dont want to go through that,negative
still ada extra slott gaiss,positive
sos in kl is here,positive
back malaysia after years,negative
hi wts sos everyones a star world tour in kuala lumpur x vip standing x vip seated x cat x cat dm if interested serious buyer only,positive
i am from pakistan butt i work in malaysia my eag i don t like smoking i like dreak i am single,negative
ni lagi paduuhh dari tomorrow land bro korang nak kecam mampus pi lah kat korangg terbaikk rahh malaysia madani we are enjoy kubur masing masing broo jangan nak menyibuk kubur orang tgk diri kau dulu ok kalau kita orang kena bala korang kena sekali kan soo whatt padannlaa muka korang,neutral
wts sos everyones a star world tour in kuala lumpur,positive
the more i read threads from sos fans experience on the artist presale from malaysia a while ago the more i get soo stressed and anxious haha,negative
rain rave hits different really enjoyed every moment with you all and thanks for the support thanks for the opportunity,positive
anyone nak tickets for sos in kl vip seating vip standing cat cat sold dm if interested in the tickets original price only serious buyers,negative
about last game with semvet fc friendly football malaysia,positive
beautiful kuala lumpur view from th floor hotel room malaysia travel vlog,positive
just sharing as an aspiration and reminder that humble beginnings can lead to amazing places,positive
vip standing tak available keree kejap nyaa,neutral
after years bandjannabi is finally coming to malaysia,positive
sos tickets in kl selling looking to sell the following tickets for sos in kuala lumpur vip seating vip standing category category price original price rm only serious buyers only dm me if youre interested,negative
nak kenal lelaki tapi segan lak sebab dah lame single end then tak tahu macam mana nak start hehe,negative
untuk mothersday bunga fresh and soap flower area sp and penang pm cpt kita close ordee,positive
welcome to malaysia,positive
little paris malaysia family,positive
im leaving home for the coastline,negative
just being myself fyp selflove malaysia india kl,positive
